Chad,Co-Learn_Application
Guam,Co-Learn_Application
Oman,Co-Learn_Application
Aruba,Co-Learn_Application
Japan,Co-Learn_Application
Libya,Co-Learn_Application
Macao,Co-Learn_Application
Malta,Co-Learn_Application
Palau,Co-Learn_Application
Samoa,Co-Learn_Application
Sudan,Co-Learn_Application
Yemen,Co-Learn_Application
Belize,Co-Learn_Application
Brazil,Co-Learn_Application
Canada,Co-Learn_Application
Latvia,Co-Learn_Application
Mexico,Co-Learn_Application
Rwanda,Co-Learn_Application
Serbia,Co-Learn_Application
Turkey,Co-Learn_Application
Bahrain,Co-Learn_Application
Belgium,Co-Learn_Application
Bolivia,Co-Learn_Application
Georgia,Co-Learn_Application
Liberia,Co-Learn_Application
Mayotte,Co-Learn_Application
Myanmar,Co-Learn_Application
Namibia,Co-Learn_Application
Vanuatu,Co-Learn_Application
Anguilla,Co-Learn_Application
Botswana,Co-Learn_Application
Djibouti,Co-Learn_Application
Ethiopia,Co-Learn_Application
Guernsey,Co-Learn_Application
Maldives,Co-Learn_Application
Portugal,Co-Learn_Application
Tanzania,Co-Learn_Application
Thailand,Co-Learn_Application
Gibraltar,Co-Learn_Application
Greenland,Co-Learn_Application
Lithuania,Co-Learn_Application
Macedonia,Co-Learn_Application
Mauritius,Co-Learn_Application
Singapore,Co-Learn_Application
Sri Lanka,Co-Learn_Application
Swaziland,Co-Learn_Application
Azerbaijan,Co-Learn_Application
Costa Rica,Co-Learn_Application
Guadeloupe,Co-Learn_Application
Kyrgyzstan,Co-Learn_Application
Luxembourg,Co-Learn_Application
Martinique,Co-Learn_Application
Micronesia,Co-Learn_Application
Tajikistan,Co-Learn_Application
New Zealand,Co-Learn_Application
Saint Lucia,Co-Learn_Application
Switzerland,Co-Learn_Application
Burkina Faso,Co-Learn_Application
Korea_ North,Co-Learn_Application
Korea_ South,Co-Learn_Application
South Africa,Co-Learn_Application
Faroe Islands,Co-Learn_Application
French Guiana,Co-Learn_Application
ï¿½land Islands,Co-Learn_Application
Pitcairn Islands,Co-Learn_Application
Congo Brazzaville,Co-Learn_Application
Cocos Keeling Islands,Co-Learn_Application
Sao Tome and Principe,Co-Learn_Application
Bosnia and Herzegovina,Co-Learn_Application
Central African Republic,Co-Learn_Application
Saint Pierre and Miquelon,Co-Learn_Application
French Southern Territories,Co-Learn_Application
United Kingdom Great Britain,Co-Learn_Application
United States Minor Outlying Islands,Co-Learn_Application
Congo_ the Democratic Republic of the,Co-Learn_Application
